{"accuracy": 0.8125701459034792, "recall": 0.7280701754385965, "precision": 0.7708978328173375, "f1": 0.7488721804511278}