{"accuracy": 0.8361391694725028, "recall": 0.7309941520467836, "precision": 0.8223684210526315, "f1": 0.7739938080495357}